"q1-1";"q1-2";"q1-3";"omegaC1";"omegaC2";"omegaT1";"omegaT2";"alphaV";"rho1-4";"tau";"rho2";"theta";"epsA"
0,0706583265057025;0,391353737677468;0,172692385416331;-0,725469772267313;0,885678806591376;-0,174128268180594;0,0187000624480364;0,0200204301156623;0,877286675615446;0,181902768963959;0,234164998282484;0,993408834637685;0,060428358819679
0,10367316204309;0,591910488344707;0,190714514863816;-0,954749047281279;1,07757038997325;-0,340826211299409;0,0914663464355206;0,00845154485387889;0,560421008526796;0,188468750235119;0,377787739700579;0,989097398773534;0,0357843323395847
0,143348481448032;0,518131373847729;0,149169692183529;-1,12424937326077;1,15173887508856;-0,229411941322458;0,067875111956818;0,00537174512999345;0,948959616180875;0,178194021973878;0,489762215905102;0,994983293302401;0,0251836863373652
0,142764434897999;0,838963953781152;0,181119437035583;-1,21071996291855;1,63124762075542;-0,224028658677325;-0,0615365378060665;0,00330903831292106;0,597353946378163;0,23582804142891;0,569713984049453;0,995598100849827;0,0176224397202134
0,143904365183831;0,824402168776834;0,196293536576016;-1,59820281660912;1,35916459499028;-0,225651468751114;-0,0172601938487328;0,00302384566166689;0,753056436981496;0,204541161929022;0,325784510142751;0,991204754470593;0,0303576305730035
0,0910234086844646;0,480580368420411;0,169267233240096;-0,986415878307172;1,05609405427059;-0,337700223790692;0,069158592809968;0,0135367609337229;0,628002347627386;0,219371050632775;0,281649940461235;0,978105577589546;0,0234628326213325
0,0833571372539918;0,376998034767727;0,16815500176589;-0,797830249564989;0,758859042695328;-0,267038379601063;0,0805904928009585;0,0188446163115737;0,918245349542109;0,157724749464637;0,204054273323508;0,962817230799967;0,0130340311392628
0,0994899997437715;0,741655349217627;0,165937732980206;-1,04658762070111;1,30547782632797;-0,269154373009323;0,121780988446601;0,0086383234504689;0,322874861401612;0,214146915671234;0,53257104304438;0,943939536426076;0,0293446257524914
0,115019163702707;0,454276802968501;0,163098915706807;-0,850519456258286;0,986512646735555;-0,393708923826807;0,139543809751453;0,00784079425783589;0,715865375358747;0,162856662829914;0,664701442831896;0,978152874278249;0,0376346255057109
0,13284957301636;0,525684389034254;0,16854727433583;-0,938740865808057;0,989844279915876;-0,336645240722303;0,0184667415860787;0,00630567255282133;0,715918852426211;0,191562779629643;0,522310579420786;0,99326742727246;0,0227157852946311
0,0931284243126086;0,668384611679733;0,19343126562186;-1,15066992205628;1,19423712426516;-0,361290446436577;0,0417738560431305;0,00698008634637352;0,603714896618214;0,196181968899247;0,355674040909455;0,982442249284332;0,0738376276548718
0,124227299031567;0,796820451615708;0,2082648831643;-1,65835532982097;1,3781740864887;-0,41229231543478;0,304533992379314;0,00438670541253358;0,607324937683194;0,195106072563855;0,323327510770964;0,996326768868207;0,0362999177277921
0,0658526417985612;0,545554096965719;0,182183350378421;-1,07807674953514;1,38684804271807;-0,253044398680691;0,102480722062113;0,0177899031416522;0,525448258549814;0,198098930090837;0,229510821509249;0,988427601932524;0,0448951255413987
0,0877620678635065;0,946205785533354;0,178227445971068;-1,6156473173682;1,52999994827167;-0,386841968222203;0,234672320223886;0,00728972438676627;0,256620087869622;0,201576736530834;0,775149904032149;0,997082081269615;0,0294197043817138
0,104258144654307;0,560312269412068;0,182887841545272;-0,924182649107808;1,18006079994796;-0,219946380363171;0,0152191845170784;0,00800529118468863;0,599554474593537;0,164480800358325;0,53958367463374;0,991497270423655;0,0444179965014151
0,0947045779683959;0,51378384393334;0,178733572027186;-1,04343528829317;1,09871578508489;-0,28449138361894;0,0967377768949093;0,0119237494567283;0,514750825331408;0,240054504665237;0,366171594081878;0,98771026081431;0,0163095064883554
0,0781456605276895;0,812447574732082;0,188878117759198;-1,32042930094274;1,57654154108589;-0,315730760518788;0,171325812846008;0,00901776596530321;0,238384477013634;0,214634325892526;0,808519045343013;0,996301427182538;0,0503557314012954
0,101900036325802;0,871328948129719;0,194410039648846;-1,68329407444664;1,70741950531204;-0,365225650440214;0,0899927635643933;0,0055680185044477;0,394463143126556;0,221144472129401;0,629772065897282;0,970201516198249;0,0504142287818061
0,130483936800037;0,643379768960417;0,162827480627713;-1,23490430072322;1,32835250452686;-0,283876221535072;0,0390907694753832;0,00496663168381878;0,569749362470252;0,175398280887469;0,893081757213957;0,953210231159953;0,0264789760802928
0,0751885300353956;0,477304636987982;0,181837638116964;-0,668714964747137;0,940455135697938;-0,311246909787575;0,11215055384704;0,0167610015440108;0,53391394517878;0,171771603755825;0,315512819363497;0,989422361085917;0,0393311516535396
0,101557399129913;0,476010454914257;0,194298120396799;-0,8644611104656;0,858505731906628;-0,317853551388001;0,193994778401961;0,0107335010334423;0,839506366601632;0,162881045354186;0,210770022644931;0,96244721293306;0,0244541858355837
0,146069041114098;0,640038112996753;0,171911472436291;-1,15382836637476;1,18247502559946;-0,395923478727057;-0,0217623678746232;0,00389606873449546;0,686369223334206;0,192843804332473;0,820385513032527;0,921483515379049;0,0308430726817018
0,101427933036834;0,44544839864939;0,169362388298339;-0,781734104200905;0,583478778260561;-0,423011315057623;-0,0402612253815249;0,00968044053769007;0,637944139180451;0,152053958309955;0,738322892513709;0,958653465909977;0,051150320854832
0,0899605998728374;0,81916885505847;0,20707937133827;-1,40184218103496;1,51690104282091;-0,481156300026524;0,251204443043457;0,00788532423096178;0,363291625024024;0,242150282755914;0,374158405316515;0,964154388532457;0,0436863040705639
0,090642831700594;0,547215661557628;0,172023980460359;-0,914276125683184;0,933720102816201;-0,427316989891186;0,325483664861355;0,0107219295393447;0,487085247352132;0,19804654388167;0,498109843083187;0,992071863348493;0,0425250867197303
0,0813644439626081;0,474382647434158;0,18145104158923;-0,993703418543565;0,888294554320076;-0,192439842570984;0,0102701909239479;0,0149184171128821;0,614182176596943;0,194915161041961;0,281206309727371;0,994264905385814;0,033410749701754
0,110151772446518;0,624307618640242;0,172846814759308;-0,992471181025517;1,25310972323069;-0,289454559828211;-0,00581342477790767;0,00599052974605099;0,643546239028581;0,174123607717266;0,597668496904276;0,996953529670579;0,0454084899365625
0,118165254261575;0,589468516849529;0,189658122120182;-1,09986968748241;1,29068361591222;-0,255993760398217;0,0758278307225135;0,00779444995274477;0,779611358679699;0,232930114430133;0,206046511702715;0,964194016052178;0,0149012448323874
0,118409678314956;0,577065187603577;0,164520795589764;-1,15597605608534;1,12307035801884;-0,239249345043496;0,178418562494505;0,00658474559620796;0,643640916968199;0,191973864515189;0,532514248774723;0,98093590581599;0,0335145997475541
0,0659647186276073;0,910625029526885;0,179411775139917;-1,78028973973988;1,61046696834188;-0,252150904965869;0,115123847761359;0,0121338060603128;0,34011848675961;0,206307910319588;0,244280244472659;0,999665440411839;0,0398327284301994
0,1142186677932;0,505022376584834;0,169403936488308;-0,931491272728313;1,14391613467438;-0,253134225204857;-0,0700033546353682;0,00710038655063122;0,90004097165749;0,19113101134241;0,451742145057533;0,994207919517597;0,0461075760656312
0,0920046608541971;0,474266196030276;0,172737967511899;-0,631436450590447;0,998260209799035;-0,241268539925925;-0,0145918903637748;0,010618889767386;0,796523313923658;0,172828394427413;0,350927308074262;0,998667297107452;0,0658955085785637
0,103908766367432;0,48480869326749;0,161166458245378;-0,886456111568179;1,25823019554732;-0,104598981771548;-0,142982890811397;0,00845419856281686;0,696761654322352;0,179262034903929;0,632493292086684;0,989800318858887;0,0569057466971148
0,0729995719529445;0,754321266292675;0,176338837464979;-1,20531380591563;1,18417535590376;-0,212380088487579;0,102891133056918;0,0136947988367223;0,312825406769833;0,223433019463463;0,287071592286511;0,983838224905182;0,0219365699295248
0,077254681462199;0,514033742097817;0,176581878123985;-1,01756683638752;1,09431036174695;-0,392289522458968;0,190454390063242;0,0169454161285222;0,504128183300361;0,231871651544682;0,267483013709852;0,910099807617961;0,0351987957037216
0,0817524428073604;0,514430344403646;0,176563075430865;-0,949686631632824;1,00284014248307;-0,338010630908382;0,171112025715529;0,0138018093127964;0,557547594987049;0,21536237643299;0,37031795083297;0,966901039275052;0,0410672158769524
0,0749351062568604;0,465505222834195;0,162220701052509;-0,890014932270799;0,950116828201284;-0,23394158967635;0,0822679665097352;0,016466623284279;0,769921881031869;0,198893269374234;0,190085953038763;0,998697207134945;0,0535337556876357
0,101618749586757;0,474894815111199;0,160025824165519;-0,87752228553709;1,20789870246875;-0,0633647892560503;-0,0830795990176702;0,00948475476837268;0,65753053597336;0,18364237389363;0,611209769275321;0,989592534924485;0,0413015328785734
0,104457853947803;0,584395314934124;0,168903043841849;-0,507644966344904;0,955344678060112;-0,346379238055058;0,0483529585307823;0,00793282998579239;0,462292845590153;0,198882002497;0,670110059074942;0,995056532983873;0,0416336533856853
0,0821062167054826;0,496424223168622;0,182287809030295;-1,15818902278982;1,23868435345191;-0,386854072978559;0,182044969207724;0,0122721402340459;0,615905546099453;0,217726183010218;0,419375030769874;0,995897704801897;0,052218779656679
0,110294582590623;0,579686720926294;0,161993722109745;-1,17016945998006;1,2185188810427;-0,239058505534817;0,363116375944764;0,00658092456388291;0,866921540210654;0,170956901532763;0,429556848831096;0,986216245449472;0,0507989326992191
0,124660998796005;0,488482324539711;0,156554617411153;-1,08321231878439;0,955118850507551;-0,0346378180754743;0,204087481451956;0,00656436637387565;0,827537263596406;0,146889216072944;0,69832586869638;0,995082828692725;0,0359063475733599
0,0766862213247419;0,559750542712545;0,189245325138221;-0,890187489242511;1,03851119304281;-0,376983832370826;0,116104830661853;0,0135317901275924;0,429338339030674;0,208602188067448;0,470007675165206;0,95052903107432;0,056412236957333
0,071908527681793;0,398219903968996;0,150482930257059;-0,858643716714384;0,929955185147798;-0,263864871603573;0,0644893872229245;0,0220918040611059;0,882546385408184;0,173924518187187;0,164377383123661;0,959866344344127;0,0370075859254068
0,0793942786508687;0,404543189045721;0,158925045341396;-0,691177074114363;0,812024729599327;-0,331752595835936;0,100267423950302;0,0158032648476421;0,807009079488144;0,163336225368479;0,333426833916495;0,991010440833561;0,0557021909269767
0,094321416025718;0,572457031261773;0,174805926545956;-1,10466466253916;1,22837425716525;-0,258487101952881;0,0306639672349026;0,00849445291228673;0,620067531817611;0,179560436918229;0,490610802878749;0,98678155576982;0,0569332658722243
0,064765295352898;0,572498851482363;0,185832247956491;-0,894486009473986;1,13558725824204;-0,352852647980002;0,20172250231287;0,0180353881332594;0,540649434348201;0,200310269374282;0,17306533135256;0,976329377809084;0,0545726302191543
0,0931207311949821;0,803449675662902;0,19027776542165;-1,29410744936021;1,60549551873193;-0,356998664960506;0,023189207005221;0,0072741621260336;0,317996938041538;0,227092126230965;0,629841646805323;0,997040401211723;0,0379138862970339
0,0961332205528727;0,683038024926331;0,195810262318471;-1,29135841566173;1,14174703561548;-0,256523254260334;0,142575791713504;0,00748471685100993;0,47762357339362;0,172788778927852;0,496960929455274;0,988361363379974;0,0457022866683037
0,103296018265992;0,603047930193005;0,165848064653647;-1,1906167626507;0,988348007191345;-0,54476286404406;0,450252852611087;0,00844133159343095;0,515582751579417;0,225437362860469;0,4971573465527;0,988250398455529;0,0405681510769818
0,100880916140613;0,410644869701838;0,157253234343084;-0,739919299718339;0,948106864466815;-0,339042399451075;-0,0342199014834409;0,0112087851407785;0,874568115651837;0,18758037656674;0,404487756447605;0,993009901312904;0,036171199075148
0,121303401085154;0,570530927379783;0,182016439145896;-1,18215470589756;1,12768383993424;-0,433936226719674;0,190033570905693;0,0061573373889182;0,701656829526413;0,201855527092303;0,527170695451767;0,980658479847105;0,0437346038278508
0,0888382938872641;0,553669486950624;0,183733752457092;-0,971109454017451;1,34185226944204;-0,261831546486472;0,0550731969373423;0,0103860644784201;0,544657127649659;0,219429241587574;0,44081377255639;0,982485819177723;0,0527633063920539
0,0889207268301129;0,709055942143967;0,189691707875731;-1,18250967498055;1,37284080875607;-0,264594158980175;0,16744499033183;0,00904936338724101;0,397894147767371;0,212428319301112;0,426518500492141;0,975370712571456;0,0437292053310764
0,0872902894119103;0,540279503910034;0,163089006934314;-0,713608788688328;0,83327644682161;-0,317454598107712;0,000835208995789497;0,00807657418377694;0,73221455843149;0,207731533693892;0,708057355185349;0,998112231140227;0,0974598134416678
0,126002333967542;0,462280176111769;0,161652031500318;-0,890503765184176;1,06926303058144;-0,18490965437458;0,0478385211629193;0,00811317662164704;0,630923329627112;0,161791787874605;0,669182591267112;0,995111219869167;0,0126620135184716
0,145416656810014;0,676591659085942;0,174231697139711;-1,63776587517171;1,38028134929728;-0,0336902688527604;-0,000211473159485167;0,0034650428651659;0,743841320644054;0,183158596272811;0,724214509225896;0,987379840570504;0,0257829617313501
0,0934613520661499;0,558439318393172;0,176904864084274;-1,16614444108713;1,23360491745701;-0,231429805272485;0,172219388135712;0,0093276091861885;0,715533000059715;0,198576711454839;0,365049822385879;0,962431489227832;0,0603693886120921
0,0765125291960816;0,495630245238519;0,166267688006628;-0,779775645664914;1,04733646777788;-0,172209454353478;0,0324426431265824;0,0168059832313627;0,669530774097325;0,200798876794635;0,209276349335067;0,984525423344365;0,0382251201135899
0,0740362076762735;0,557438247501682;0,170600077070611;-1,02877607426628;1,1357458957283;-0,309746715042248;0,0916637317281653;0,0158819051842271;0,37211475070253;0,190806392668543;0,385132106049191;0,995034014811849;0,0247114632732122
0,0839305842964845;0,556495465880001;0,177976045244941;-1,06624483113496;1,14117611613685;-0,262192575091046;-0,0344239439277793;0,011344062367616;0,496292942353047;0,211168890718397;0,45161850642089;0,992835621000573;0,0576584398203737
0,062752311801949;0,572926561881758;0,212906686403927;-1,07770818954745;0,870473895096082;-0,1898702679804;0,0634341238135764;0,0194107368199884;0,306617073296486;0,204937503666254;0,395056412382524;0,975013243708221;0,0322879811333547
0,123357828669352;0,508329743221006;0,162042698248404;-1,23156956132487;1,26745944431753;-0,115041264707087;-0,0106739959317248;0,00686699646733299;0,798525418664684;0,205120418792355;0,501164734308876;0,99632651265169;0,0308088721049225
0,0847582810039564;0,886442868640806;0,201514195061318;-1,4907572071227;1,42514442401309;-0,413222027021088;0,289935541492419;0,00816922795566062;0,24739711578489;0,22227117789374;0,631612578363647;0,997781334231235;0,0314178129091486
0,108730821006993;0,59095688481348;0,168746819125334;-1,25986178521221;1,3657080330143;-0,302826798631765;0,0672514770874439;0,0076342866716351;0,562990285184923;0,203551739343052;0,53765243211689;0,977359049276117;0,0359543912895126
0,101463570522611;0,493388058167849;0,167000436830035;-1,14123563798836;1,10308956397107;-0,125700248239258;0,170810167443053;0,00891054872863228;0,766849972588835;0,195094602190451;0,494005457651125;0,991539173717717;0,052391370085198
0,0761616504348509;0,543368765354416;0,195442868608432;-0,903909730016106;1,25432432907016;-0,198444499320907;0,0755499141375594;0,0149973136409002;0,514484141735365;0,204251389089725;0,263577449480419;0,992054412964898;0,0298700043542978
0,147763411325376;0,533854027632151;0,156007240221688;-1,29035903398664;1,02715185345102;-0,417625557822389;0,222094643391064;0,00417327605723191;0,909016983246881;0,179967679123173;0,945471556930082;0,990126721674039;0,0322550934361983
0,073855066475857;0,648761006412899;0,185241419351835;-1,14592843389949;1,21904824650666;-0,307304365456894;0,159365760469573;0,0125881669315138;0,398308750637317;0,173394597471386;0,408492334075685;0,971854613850688;0,0603176413940609
0,124234445095301;0,464588554284421;0,160907427282881;-0,947812463977818;1,19421807671844;-0,0838316740144578;-0,105883678565446;0,00790971456970932;0,632248110213059;0,175456260559317;0,73752104313641;0,978848922576242;0,0112842324683629
0,119184700126992;0,515404352097467;0,169474853742096;-1,48052818096084;1,35476618147888;-0,226481433435203;0,0840990553050438;0,00692820296842601;0,888929238093736;0,167459914306335;0,486686865814495;0,952764653956026;0,0294429557233636
0,020760341783284;0,50421082843368;0,207268907775216;-1,11527520996472;0,431285541850545;-0,707253650606246;0,560144937879687;0,0115202937306349;0,771294651536775;0,0519326887215763;0,302260057809909;0,996171160276368;0,578045838382663
0,0745986634398683;0,569183624135564;0,191668217548033;-1,07942288190392;1,5770605015046;-0,386393879001774;0,0384895605188648;0,013853610003438;0,541508252139463;0,168577484596123;0,276564756343227;0,990727831450717;0,0421276163171368
0,108229165330693;0,5769544946689;0,180794590476445;-0,885776914252601;1,23673745738185;-0,250370253508675;0,0791865653037781;0,0078815571303587;0,495173282865144;0,173204712698314;0,594600836879682;0,999062938670269;0,0352830310273423
0,155170588683209;0,483120872657642;0,139224347161043;-1,1658563034852;1,16002877069502;-0,133178215287808;0,10456900168492;0,00470749224588952;0,924558282712209;0,181183166604818;0,904167541072583;0,98448113710352;0,0204853668457251
0,0936955127376471;0,655706991107567;0,199969855987607;-1,16864518549081;0,907720056068744;-0,369395118271775;0,122479359518825;0,00836000382089484;0,469603241421275;0,183875411956234;0,40893211213891;0,988309157769195;0,0491646025871291
0,136313703797818;0,491743969281829;0,158753482788985;-0,775008746353366;0,972066579502919;-0,357382886853513;-0,0595159709338195;0,00675830737780393;0,736229057041925;0,109381778982457;0,468569724058979;0,993877871053397;0,0064147463606015
0,113940561572765;0,567214921985459;0,166196033484232;-1,47406480213715;1,50369372228661;-0,0523150824054882;-0,121957846735738;0,00632722667146084;0,865348407654673;0,198923921020174;0,455716187441213;0,98978610441314;0,0456975926291781
0,110006459487229;0,803354846729124;0,181124038409008;-1,28099813804828;1,47252049230992;-0,505268160274177;0,162408894337806;0,00614281188634891;0,310655855235155;0,209044820123078;0,755923713867583;0,998682230648119;0,0122557160589658
0,0877695323359247;0,633079537835598;0,186811884460923;-1,21526502686609;1,37860260369284;-0,280976757328103;-0,0416751610094308;0,009701520380334;0,54214747232292;0,210396643117642;0,32325976685504;0,995879604583621;0,0613319890374395
0,0852147600262583;0,732086137510297;0,199635040636392;-1,46383024375865;1,4113367421698;-0,272321167972673;-0,00105050370607731;0,00892893591685234;0,447881113759179;0,199167864033127;0,350689605467379;0,996148461627175;0,0487954499959555
0,0625553558728425;0,441214439616023;0,173663538498653;-0,903035946577546;0,961502244767166;-0,322612053235175;0,206980166706178;0,0240915687823421;0,632437187128883;0,186706136626135;0,209300930202511;0,986549168391263;0,0249369324578949
0,195261943577202;0,801510684548683;0,170200742742319;-1,04475951468243;0,974092207083137;-0,331076585252968;0,168327081475879;0,00185129138456657;0,793791275297097;0,246940620949153;0,744646383310784;0,980958155213337;0,00269104337505272
0,130340103670186;0,534918337736529;0,168570872341062;-1,19620105747568;1,20355418813896;-0,351667961567015;0,00556928296458697;0,00565341686201705;0,766812211090178;0,143594046488846;0,623521542186009;0,967427830022003;0,0361773345616494
0,133374430327904;0,588551139403139;0,165378056710884;-0,940968936768543;1,38015076643836;-0,243472804415203;-0,165684838945914;0,0053796693113528;0,536990318603285;0,203841228220825;0,87880813646754;0,965133576177197;0,0233168339847869
0,114779644758271;0,814639024717316;0,170244934688913;-1,53617059745605;1,40518129872688;-0,361108490089753;0,123752483634622;0,005331480114045;0,381328151929036;0,195280554390822;0,766612499610537;0,99058128351256;0,0224100839416145
0,14167163621333;0,515876083382073;0,158634654790236;-1,06184920659014;1,21082619812112;-0,573551129137484;-0,0493975274113119;0,00465336018695993;0,886860732519458;0,169389355825284;0,803907011708132;0,99236900773749;0,0340276100147031
0,122104084151359;0,494482840848742;0,174464407404117;-0,87797134969856;1,03288795022395;-0,43984225785186;0,104953882223058;0,00617224933375274;0,740231285553127;0,144749469110072;0,75560860010261;0,99411938667031;0,0417192330141908
0,107310229998823;0,443626139689021;0,161241285454153;-1,00942482931014;1,09196402876327;-0,350515610946355;0,224666543669275;0,0109421647437694;0,816748290242783;0,192024671469363;0,307887820057771;0,952584968706716;0,013991615107427
0,0607970416176255;0,590780116250881;0,182800807122786;-0,945746279362171;1,20624036929937;-0,377702229149736;0,105186434243256;0,0179628146093827;0,435929666138269;0,201046534134268;0,250341816080727;0,993505355015441;0,0675395540578147
0,0930076109269825;0,58374670028529;0,184116564190474;-1,10266663765758;1,19899000242065;-0,364742026751389;0,190292998706181;0,0100733223473203;0,517868125351392;0,172719170521188;0,42387752647656;0,940175730493273;0,0407447678903347
0,11770657464226;0,569786728643018;0,163915624619569;-1,07397856165368;0,994408785139086;-0,254608049499341;0,25584331813247;0,00652791446023237;0,758978162472706;0,16264763562995;0,478415211486276;0,996170406478444;0,0340624701761376
0,0505232169299963;0,436357850153355;0,177711316335981;-0,966507626575644;1,03363783806479;-0,301039430369711;0,0536860683259773;0,0309773226083553;0,68386695273476;0,208487001991344;0,190499323072332;0,984081211498887;0,0595387046786208
0,0943719582802356;0,648845975924496;0,192669956032073;-1,17765818975674;0,981147662914454;-0,392403793312807;0,168435928504921;0,0094078872462356;0,416535868676838;0,195769859957038;0,33872966261942;0,982840844794272;0,0314369516649224
0,100206038447928;0,483255748592444;0,162804033974228;-0,935163292848314;0,912113601601996;-0,229734706243276;-0,143603534269177;0,0109070111696941;0,623439782545403;0,232213205374273;0,412092604202919;0,980237506123171;0,022095715585578
0,0919237011796867;0,547784718776275;0,174384984340423;-1,16962180548624;1,3354239392437;0,0223117173150493;-0,0538820541423006;0,0118281184599989;0,628207384025882;0,192648958853662;0,350455999419056;0,847679459478836;0,0465932988088557
0,0608159794666854;0,50610778991102;0,173694793843863;-0,912494707504836;1,09079114652979;-0,47576625652309;0,251660673421688;0,0198921840474126;0,57242519222634;0,191485133145887;0,214094721095122;0,996231744257877;0,0784760737342308
0,142718989017337;0,61543776008201;0,155262618088442;-1,33030855537496;1,19259635469375;-0,128118923781549;-0,0779782242637085;0,00409970922359691;0,629801326873087;0,197774680855193;0,939812456851001;0,984041521042263;0,0312488461629925
0,0819310339898457;0,611406719033493;0,189536741971253;-0,976074914205434;1,19488282550056;-0,350812057590348;0,2111006307932;0,0115541177359767;0,432641246060687;0,209292515375293;0,379433917587478;0,990249754149175;0,0468362830828073
0,0904815045411941;0,552975297613214;0,17933974749821;-1,09297081154296;1,14259938193906;-0,32909401083774;0,126288461563519;0,00992020507902503;0,618427593558432;0,195136439160076;0,377090670322211;0,996757725325557;0,0535026789780327
